<?xml version="1.0" encoding="UTF-8"?>
<project-private xmlns="http://www.netbeans.org/ns/project-private/1">
    <editor-bookmarks xmlns="http://www.netbeans.org/ns/editor-bookmarks/2" lastBookmarkId="0"/>
    <open-files xmlns="http://www.netbeans.org/ns/projectui-open-files/2">
        <group>
            <file>file:/C:/Users/emili/OneDrive/Documents/NetBeansProjects/ST10381731_PROG6112_Assignment1_Question2/src/st10381731_prog6112_assignment1_question2/ST10381731_PROG6112_Assignment1_Question2.java</file>
            <file>file:/C:/Users/emili/OneDrive/Documents/NetBeansProjects/ST10381731_PROG6112_Assignment1_Question2/src/st10381731_prog6112_assignment1_question2/HardGameMode.java</file>
            <file>file:/C:/Users/emili/OneDrive/Documents/NetBeansProjects/ST10381731_PROG6112_Assignment1_Question2/test/st10381731_prog6112_assignment1_question2/GameModeTest.java</file>
            <file>file:/C:/Users/emili/OneDrive/Documents/NetBeansProjects/ST10381731_PROG6112_Assignment1_Question2/src/st10381731_prog6112_assignment1_question2/GameMode.java</file>
        </group>
    </open-files>
</project-private>
